id,platform,text,timestamp
1,YouTube,Mi proud a di new youth program in Ocho Rios ğŸ‡¯ğŸ‡²,2025-10-15 05:29:00
2,Instagram,Gas prices are killing me today in Montego Bay ğŸ˜¤,2025-10-17 17:20:00
3,YouTube,Canâ€™t believe another shooting happened in Ocho Rios ğŸ˜¡,2025-10-15 10:17:00
4,YouTube,Did you see that crazy goal last night for Kingston âš½,2025-10-15 13:36:00
5,Instagram,Mi hungry fi some jerk chicken in Kingston ğŸ—,2025-10-17 00:27:00
6,Instagram,"Budget proposals are out, what do you think about Spanish Town? ğŸ’°",2025-10-17 13:30:00
7,X,Street food a sell out fast in St. Ann ğŸŒ®,2025-10-16 10:45:00
8,Instagram,Training hard for the upcoming marathon in Negril ğŸƒâ€â™‚ï¸,2025-10-17 02:38:00
9,Instagram,"Budget proposals are out, what do you think about St. Ann? ğŸ’°",2025-10-17 00:47:00
10,YouTube,Training hard for the upcoming marathon in Ocho Rios ğŸƒâ€â™‚ï¸,2025-10-16 23:29:00
11,X,"Taxes keep going up, when will it stop in St. Ann? ğŸ’¸",2025-10-17 17:26:00
12,X,Mi glad fi see di Reggae Boyz win dem match in Ocho Rios!,2025-10-16 04:11:00
13,YouTube,Di power cut last night was rough in Kingston âš¡,2025-10-17 00:29:00
14,Instagram,Di power cut last night was rough in Ocho Rios âš¡,2025-10-16 09:37:00
15,YouTube,"Di road dem a bad shape in Spanish Town, we need fix it.",2025-10-16 17:57:00
16,X,"Di road dem a bad shape in Mandeville, we need fix it.",2025-10-15 14:39:00
17,YouTube,Di bus never show up again in Ocho Rios ğŸ˜©,2025-10-15 16:17:00
18,X,PM's speech today was inspiring about Mandeville ğŸ™Œ,2025-10-15 15:04:00
19,YouTube,"Di road dem a bad shape in Montego Bay, we need fix it.",2025-10-16 23:37:00
20,Instagram,The Prime Minister announced new policies today in Kingston ğŸ‡¯ğŸ‡²,2025-10-15 03:31:00
21,Instagram,Mi hungry fi some jerk chicken in Portmore ğŸ—,2025-10-17 00:44:00
22,X,The Prime Minister announced new policies today in Negril ğŸ‡¯ğŸ‡²,2025-10-16 00:09:00
24,Instagram,"Di road dem a bad shape in Negril, we need fix it.",2025-10-15 08:21:00
25,X,Did you see that crazy goal last night for Montego Bay âš½,2025-10-16 00:39:00
26,X,Mi hungry fi some jerk chicken in Spanish Town ğŸ—,2025-10-15 13:49:00
27,YouTube,"New album by Vibes Galore just dropped, it's fire ğŸ”¥",2025-10-17 09:37:00
29,X,Mi proud a di new youth program in Montego Bay ğŸ‡¯ğŸ‡²,2025-10-16 03:26:00
30,Instagram,Training hard for the upcoming marathon in Portmore ğŸƒâ€â™‚ï¸,2025-10-15 12:30:00
32,Instagram,Our team won the championship in Mandeville! ğŸ†,2025-10-15 15:01:00
33,X,Hope the new law improves public services about Spanish Town ğŸ“œ,2025-10-15 16:09:00
34,YouTube,"Water shortage again in Spanish Town, people a suffer.",2025-10-15 03:32:00
36,X,Di bus never show up again in Spanish Town ğŸ˜©,2025-10-17 19:45:00
37,Instagram,Training hard for the upcoming marathon in St. Catherine ğŸƒâ€â™‚ï¸,2025-10-15 10:18:00
39,Instagram,Canâ€™t believe another shooting happened in Spanish Town ğŸ˜¡,2025-10-15 22:20:00
40,YouTube,"Taxes keep going up, when will it stop in Negril? ğŸ’¸",2025-10-15 01:53:00
41,Instagram,"Water shortage again in Ocho Rios, people a suffer.",2025-10-15 11:27:00
42,X,"That movie 'Kingston Nights' was epic, totally worth it ğŸ¬",2025-10-15 22:38:00
43,YouTube,PM's speech today was inspiring about Spanish Town ğŸ™Œ,2025-10-15 05:41:00
44,Instagram,Mi cyaan wait fi di next music festival in St. Catherine! ğŸ¶,2025-10-17 08:45:00
45,YouTube,The Prime Minister announced new policies today in Ocho Rios ğŸ‡¯ğŸ‡²,2025-10-17 08:35:00
46,X,"Mi seh, di vibes at di concert in St. Catherine did wicked! ğŸµ",2025-10-16 00:45:00
48,Instagram,Hope the new law improves public services about Montego Bay ğŸ“œ,2025-10-15 03:31:00
49,X,Gas prices are killing me today in Portmore ğŸ˜¤,2025-10-16 08:30:00
50,YouTube,"Water shortage again in St. Ann, people a suffer.",2025-10-17 02:17:00
51,Instagram,"Water shortage again in Kingston, people a suffer.",2025-10-16 05:52:00
52,X,PM's speech today was inspiring about Ocho Rios ğŸ™Œ,2025-10-16 01:56:00
53,Instagram,Government needs to do more for the people in St. Catherine ğŸ˜ ,2025-10-16 22:21:00
57,YouTube,Mi glad fi see di Reggae Boyz win dem match in Montego Bay!,2025-10-17 21:25:00
59,Instagram,Hope the new law improves public services about Negril ğŸ“œ,2025-10-17 21:14:00
60,YouTube,Our team won the championship in Ocho Rios! ğŸ†,2025-10-15 11:17:00
62,YouTube,"New album by Island Nights just dropped, it's fire ğŸ”¥",2025-10-16 20:31:00
63,YouTube,Hope the new law improves public services about Mandeville ğŸ“œ,2025-10-15 13:17:00
64,YouTube,"Taxes keep going up, when will it stop in St. Catherine? ğŸ’¸",2025-10-16 04:38:00
65,X,Government needs to do more for the people in Negril ğŸ˜ ,2025-10-17 19:55:00
67,Instagram,Hope the new law improves public services about St. Ann ğŸ“œ,2025-10-16 15:14:00
69,YouTube,Mi proud a di new youth program in Mandeville ğŸ‡¯ğŸ‡²,2025-10-16 13:08:00
70,X,Gas prices are killing me today in Negril ğŸ˜¤,2025-10-15 15:30:00
71,X,Di bus never show up again in Negril ğŸ˜©,2025-10-16 10:42:00
72,YouTube,Government needs to do more for the people in St. Ann ğŸ˜ ,2025-10-17 19:15:00
74,YouTube,"Water shortage again in Montego Bay, people a suffer.",2025-10-15 05:17:00
76,YouTube,Did you see that crazy goal last night for Portmore âš½,2025-10-15 03:07:00
77,Instagram,Government needs to do more for the people in Kingston ğŸ˜ ,2025-10-15 11:09:00
78,Instagram,"That movie 'Sunset Drive' was epic, totally worth it ğŸ¬",2025-10-15 01:50:00
79,YouTube,Mi hungry fi some jerk chicken in St. Ann ğŸ—,2025-10-15 09:19:00
80,Instagram,Street food a sell out fast in Mandeville ğŸŒ®,2025-10-15 01:21:00
81,Instagram,"Budget proposals are out, what do you think about Portmore? ğŸ’°",2025-10-17 23:36:00
82,Instagram,"Water shortage again in Portmore, people a suffer.",2025-10-17 00:41:00
84,X,PM's speech today was inspiring about Kingston ğŸ™Œ,2025-10-15 02:21:00
85,YouTube,Di bus never show up again in St. Catherine ğŸ˜©,2025-10-16 13:52:00
86,Instagram,"Mi seh, di vibes at di concert in Mandeville did wicked! ğŸµ",2025-10-16 19:13:00
87,X,Our team won the championship in Negril! ğŸ†,2025-10-15 01:36:00
88,YouTube,Di power cut last night was rough in Montego Bay âš¡,2025-10-16 06:12:00
89,X,Hope the new law improves public services about St. Catherine ğŸ“œ,2025-10-16 15:57:00
90,X,Mi hungry fi some jerk chicken in Mandeville ğŸ—,2025-10-17 15:13:00
91,Instagram,Street food a sell out fast in Montego Bay ğŸŒ®,2025-10-17 19:13:00
92,X,Street food a sell out fast in Kingston ğŸŒ®,2025-10-16 07:48:00
93,Instagram,Hope the new law improves public services about Ocho Rios ğŸ“œ,2025-10-17 04:13:00
94,YouTube,Di power cut last night was rough in St. Catherine âš¡,2025-10-15 14:54:00
95,YouTube,Di power cut last night was rough in Spanish Town âš¡,2025-10-17 21:51:00
96,YouTube,"Crime rates are going up in Portmore, stay safe out there ğŸš¨",2025-10-17 09:07:00
98,X,"Di road dem a bad shape in St. Ann, we need fix it.",2025-10-16 09:03:00
99,YouTube,Our team won the championship in Portmore! ğŸ†,2025-10-17 14:12:00
100,YouTube,Mi proud a di new youth program in St. Catherine ğŸ‡¯ğŸ‡²,2025-10-16 11:38:00
101,Instagram,Canâ€™t believe another shooting happened in Kingston ğŸ˜¡,2025-10-17 21:49:00
102,Instagram,"Di road dem a bad shape in Ocho Rios, we need fix it.",2025-10-15 10:17:00
104,YouTube,"Mi seh, di vibes at di concert in Spanish Town did wicked! ğŸµ",2025-10-15 20:20:00
105,X,"That movie 'Island Adventure' was epic, totally worth it ğŸ¬",2025-10-16 16:28:00
106,X,"Mi seh, di vibes at di concert in St. Ann did wicked! ğŸµ",2025-10-17 03:00:00
107,X,Canâ€™t believe another shooting happened in Montego Bay ğŸ˜¡,2025-10-17 07:19:00
108,YouTube,Street food a sell out fast in St. Catherine ğŸŒ®,2025-10-15 15:56:00
110,Instagram,"New album by Tropical Beats just dropped, it's fire ğŸ”¥",2025-10-16 14:44:00
111,X,Di bus never show up again in St. Ann ğŸ˜©,2025-10-15 21:38:00
112,YouTube,"Water shortage again in St. Catherine, people a suffer.",2025-10-16 23:43:00
118,YouTube,Di bus never show up again in Portmore ğŸ˜©,2025-10-15 18:06:00
120,YouTube,Canâ€™t believe another shooting happened in St. Catherine ğŸ˜¡,2025-10-16 14:18:00
121,YouTube,"Di road dem a bad shape in Kingston, we need fix it.",2025-10-16 18:38:00
122,X,"Water shortage again in Negril, people a suffer.",2025-10-16 15:18:00
123,YouTube,"Mi seh, di vibes at di concert in Montego Bay did wicked! ğŸµ",2025-10-16 06:35:00
124,X,PM's speech today was inspiring about Montego Bay ğŸ™Œ,2025-10-15 13:32:00
126,YouTube,Gas prices are killing me today in Spanish Town ğŸ˜¤,2025-10-17 21:49:00
127,Instagram,Gas prices are killing me today in St. Ann ğŸ˜¤,2025-10-15 08:43:00
128,X,Street food a sell out fast in Spanish Town ğŸŒ®,2025-10-15 10:56:00
129,YouTube,"Di road dem a bad shape in Portmore, we need fix it.",2025-10-17 14:42:00
131,X,Mi hungry fi some jerk chicken in Ocho Rios ğŸ—,2025-10-15 03:33:00
132,X,Hope the new law improves public services about Portmore ğŸ“œ,2025-10-17 10:06:00
133,Instagram,Our team won the championship in Spanish Town! ğŸ†,2025-10-17 15:03:00
134,X,"Mi seh, di vibes at di concert in Negril did wicked! ğŸµ",2025-10-17 09:44:00
135,YouTube,"Crime rates are going up in Kingston, stay safe out there ğŸš¨",2025-10-15 13:17:00
141,X,"Crime rates are going up in St. Ann, stay safe out there ğŸš¨",2025-10-16 05:03:00
143,X,"Budget proposals are out, what do you think about St. Catherine? ğŸ’°",2025-10-18 00:57:00
144,X,"Cost of living is ridiculous in Negril, people a struggle ğŸ˜“",2025-10-15 22:27:00
151,Instagram,Gas prices are killing me today in St. Catherine ğŸ˜¤,2025-10-15 01:12:00
152,YouTube,"That movie 'Jungle Quest' was epic, totally worth it ğŸ¬",2025-10-16 15:34:00
154,YouTube,PM's speech today was inspiring about Portmore ğŸ™Œ,2025-10-17 17:53:00
155,X,"New album by Reggae Soul just dropped, it's fire ğŸ”¥",2025-10-16 02:53:00
161,Instagram,Training hard for the upcoming marathon in St. Ann ğŸƒâ€â™‚ï¸,2025-10-15 01:56:00
165,X,Mi glad fi see di Reggae Boyz win dem match in Portmore!,2025-10-15 04:54:00
166,Instagram,Mi proud a di new youth program in Kingston ğŸ‡¯ğŸ‡²,2025-10-16 23:57:00
167,X,Government needs to do more for the people in Ocho Rios ğŸ˜ ,2025-10-16 21:20:00
168,X,Did you see that crazy goal last night for St. Catherine âš½,2025-10-15 01:29:00
169,YouTube,Mi proud a di new youth program in Negril ğŸ‡¯ğŸ‡²,2025-10-17 11:15:00
173,X,Mi cyaan wait fi di next music festival in St. Ann! ğŸ¶,2025-10-17 15:12:00
174,X,Did you see that crazy goal last night for Ocho Rios âš½,2025-10-16 07:37:00
178,YouTube,Di bus never show up again in Mandeville ğŸ˜©,2025-10-16 20:40:00
179,Instagram,Di bus never show up again in Kingston ğŸ˜©,2025-10-15 05:02:00
180,X,"That movie 'Fast Waves' was epic, totally worth it ğŸ¬",2025-10-15 06:40:00
181,YouTube,Gas prices are killing me today in Kingston ğŸ˜¤,2025-10-15 16:49:00
183,X,Street food a sell out fast in Negril ğŸŒ®,2025-10-16 16:14:00
185,Instagram,Gas prices are killing me today in Mandeville ğŸ˜¤,2025-10-17 14:52:00
187,X,"Crime rates are going up in Ocho Rios, stay safe out there ğŸš¨",2025-10-16 13:28:00
188,X,"Cost of living is ridiculous in Ocho Rios, people a struggle ğŸ˜“",2025-10-16 08:43:00
190,X,Di power cut last night was rough in Mandeville âš¡,2025-10-16 01:23:00
196,Instagram,"Budget proposals are out, what do you think about Ocho Rios? ğŸ’°",2025-10-15 23:39:00
197,YouTube,Our team won the championship in Montego Bay! ğŸ†,2025-10-16 05:09:00
198,X,The Prime Minister announced new policies today in Portmore ğŸ‡¯ğŸ‡²,2025-10-15 15:40:00
199,YouTube,PM's speech today was inspiring about St. Catherine ğŸ™Œ,2025-10-17 10:43:00
204,X,Di power cut last night was rough in St. Ann âš¡,2025-10-17 02:17:00
210,X,Mi cyaan wait fi di next music festival in Spanish Town! ğŸ¶,2025-10-15 01:02:00
220,Instagram,The Prime Minister announced new policies today in Mandeville ğŸ‡¯ğŸ‡²,2025-10-16 22:18:00
223,Instagram,Training hard for the upcoming marathon in Spanish Town ğŸƒâ€â™‚ï¸,2025-10-16 01:40:00
225,YouTube,"Crime rates are going up in Mandeville, stay safe out there ğŸš¨",2025-10-17 19:31:00
226,YouTube,"New album by Rising Sun just dropped, it's fire ğŸ”¥",2025-10-16 22:53:00
233,Instagram,Government needs to do more for the people in Mandeville ğŸ˜ ,2025-10-16 14:43:00
235,YouTube,"Taxes keep going up, when will it stop in Ocho Rios? ğŸ’¸",2025-10-16 15:54:00
240,X,Mi proud a di new youth program in Spanish Town ğŸ‡¯ğŸ‡²,2025-10-17 14:35:00
252,X,Mi cyaan wait fi di next music festival in Kingston! ğŸ¶,2025-10-17 09:14:00
254,X,Gas prices are killing me today in Ocho Rios ğŸ˜¤,2025-10-16 03:40:00
255,YouTube,"Cost of living is ridiculous in Kingston, people a struggle ğŸ˜“",2025-10-17 14:28:00
256,Instagram,Our team won the championship in St. Ann! ğŸ†,2025-10-16 07:17:00
257,Instagram,Did you see that crazy goal last night for Spanish Town âš½,2025-10-17 15:10:00
263,YouTube,"Mi seh, di vibes at di concert in Ocho Rios did wicked! ğŸµ",2025-10-16 08:22:00
265,Instagram,"Cost of living is ridiculous in St. Ann, people a struggle ğŸ˜“",2025-10-17 17:22:00
266,YouTube,Mi proud a di new youth program in Portmore ğŸ‡¯ğŸ‡²,2025-10-15 21:40:00
272,YouTube,Training hard for the upcoming marathon in Montego Bay ğŸƒâ€â™‚ï¸,2025-10-16 09:34:00
273,Instagram,Canâ€™t believe another shooting happened in St. Ann ğŸ˜¡,2025-10-17 19:03:00
274,X,Street food a sell out fast in Portmore ğŸŒ®,2025-10-15 11:25:00
276,X,Did you see that crazy goal last night for Mandeville âš½,2025-10-17 14:03:00
281,X,Training hard for the upcoming marathon in Mandeville ğŸƒâ€â™‚ï¸,2025-10-17 15:00:00
287,X,"Taxes keep going up, when will it stop in Kingston? ğŸ’¸",2025-10-16 21:23:00
293,YouTube,"Cost of living is ridiculous in Montego Bay, people a struggle ğŸ˜“",2025-10-16 20:08:00
299,Instagram,Canâ€™t believe another shooting happened in Mandeville ğŸ˜¡,2025-10-17 00:32:00
311,X,Canâ€™t believe another shooting happened in Portmore ğŸ˜¡,2025-10-15 10:13:00
320,X,Mi glad fi see di Reggae Boyz win dem match in Negril!,2025-10-16 02:49:00
323,Instagram,"Crime rates are going up in Spanish Town, stay safe out there ğŸš¨",2025-10-15 05:55:00
331,YouTube,Mi cyaan wait fi di next music festival in Mandeville! ğŸ¶,2025-10-16 18:01:00
335,X,Did you see that crazy goal last night for St. Ann âš½,2025-10-16 19:38:00
343,Instagram,"Mi seh, di vibes at di concert in Portmore did wicked! ğŸµ",2025-10-17 11:26:00
360,Instagram,"Taxes keep going up, when will it stop in Mandeville? ğŸ’¸",2025-10-16 00:42:00
362,X,The Prime Minister announced new policies today in Spanish Town ğŸ‡¯ğŸ‡²,2025-10-17 12:58:00
368,YouTube,Government needs to do more for the people in Montego Bay ğŸ˜ ,2025-10-16 18:02:00
372,YouTube,Did you see that crazy goal last night for Negril âš½,2025-10-15 18:36:00
374,Instagram,Mi cyaan wait fi di next music festival in Ocho Rios! ğŸ¶,2025-10-17 15:45:00
379,Instagram,"Di road dem a bad shape in St. Catherine, we need fix it.",2025-10-15 09:09:00
385,YouTube,"Cost of living is ridiculous in Portmore, people a struggle ğŸ˜“",2025-10-16 00:12:00
386,YouTube,"Cost of living is ridiculous in Mandeville, people a struggle ğŸ˜“",2025-10-16 17:34:00
389,X,Government needs to do more for the people in Spanish Town ğŸ˜ ,2025-10-16 09:06:00
393,X,Training hard for the upcoming marathon in Kingston ğŸƒâ€â™‚ï¸,2025-10-16 21:19:00
412,X,"Taxes keep going up, when will it stop in Spanish Town? ğŸ’¸",2025-10-16 21:45:00
421,Instagram,Mi glad fi see di Reggae Boyz win dem match in Kingston!,2025-10-16 18:07:00
427,YouTube,"Mi seh, di vibes at di concert in Kingston did wicked! ğŸµ",2025-10-17 14:13:00
437,Instagram,"Cost of living is ridiculous in St. Catherine, people a struggle ğŸ˜“",2025-10-15 23:27:00
446,Instagram,The Prime Minister announced new policies today in Montego Bay ğŸ‡¯ğŸ‡²,2025-10-16 23:55:00
450,Instagram,"Taxes keep going up, when will it stop in Montego Bay? ğŸ’¸",2025-10-16 12:49:00
456,X,"Budget proposals are out, what do you think about Montego Bay? ğŸ’°",2025-10-15 19:25:00
466,X,Mi glad fi see di Reggae Boyz win dem match in St. Catherine!,2025-10-16 11:02:00
476,Instagram,Mi glad fi see di Reggae Boyz win dem match in Spanish Town!,2025-10-15 18:54:00
488,Instagram,"Crime rates are going up in Negril, stay safe out there ğŸš¨",2025-10-17 06:13:00
499,YouTube,Hope the new law improves public services about Kingston ğŸ“œ,2025-10-17 09:40:00
504,X,Mi proud a di new youth program in St. Ann ğŸ‡¯ğŸ‡²,2025-10-15 13:55:00
506,X,Mi hungry fi some jerk chicken in St. Catherine ğŸ—,2025-10-17 18:31:00
510,Instagram,"Taxes keep going up, when will it stop in Portmore? ğŸ’¸",2025-10-17 07:17:00
524,X,Street food a sell out fast in Ocho Rios ğŸŒ®,2025-10-15 06:30:00
526,YouTube,Mi glad fi see di Reggae Boyz win dem match in St. Ann!,2025-10-15 06:06:00
535,YouTube,"Budget proposals are out, what do you think about Mandeville? ğŸ’°",2025-10-15 11:50:00
560,X,Mi glad fi see di Reggae Boyz win dem match in Mandeville!,2025-10-17 19:44:00
579,YouTube,Government needs to do more for the people in Portmore ğŸ˜ ,2025-10-15 02:56:00
615,YouTube,PM's speech today was inspiring about Negril ğŸ™Œ,2025-10-15 20:50:00
622,YouTube,Our team won the championship in Kingston! ğŸ†,2025-10-16 17:47:00
633,X,"Budget proposals are out, what do you think about Kingston? ğŸ’°",2025-10-15 13:32:00
658,X,"Water shortage again in Mandeville, people a suffer.",2025-10-15 00:09:00
660,Instagram,Di bus never show up again in Montego Bay ğŸ˜©,2025-10-15 04:07:00
672,YouTube,Di power cut last night was rough in Negril âš¡,2025-10-17 19:08:00
686,X,The Prime Minister announced new policies today in St. Ann ğŸ‡¯ğŸ‡²,2025-10-16 18:53:00
697,Instagram,"Crime rates are going up in Montego Bay, stay safe out there ğŸš¨",2025-10-15 12:46:00
702,X,PM's speech today was inspiring about St. Ann ğŸ™Œ,2025-10-17 21:36:00
704,YouTube,Our team won the championship in St. Catherine! ğŸ†,2025-10-16 14:59:00
717,Instagram,The Prime Minister announced new policies today in St. Catherine ğŸ‡¯ğŸ‡²,2025-10-15 16:32:00
737,X,Mi cyaan wait fi di next music festival in Portmore! ğŸ¶,2025-10-17 14:06:00
769,YouTube,"Crime rates are going up in St. Catherine, stay safe out there ğŸš¨",2025-10-16 20:41:00
813,YouTube,"Budget proposals are out, what do you think about Negril? ğŸ’°",2025-10-15 23:23:00
841,X,Mi cyaan wait fi di next music festival in Montego Bay! ğŸ¶,2025-10-15 08:32:00
897,YouTube,Mi hungry fi some jerk chicken in Negril ğŸ—,2025-10-17 16:39:00
1,YouTube,Mi cyaan wait fi di next music festival! ğŸ¶,2025-10-17 14:55:00
2,YouTube,Mi glad fi see di Reggae Boyz win dem match!,2025-10-17 09:50:00
3,Instagram,"Water shortage again, people a suffer.",2025-10-17 02:53:00
4,YouTube,Hope the new law improves public services ğŸ“œ,2025-10-17 14:41:00
5,X,Did you see that crazy goal last night? âš½,2025-10-17 03:59:00
6,X,PM's speech today was inspiring! ğŸ™Œ,2025-10-17 20:18:00
7,Instagram,Government needs to do more for the people ğŸ˜ ,2025-10-16 01:07:00
9,Instagram,Mi proud a di new youth program ğŸ‡¯ğŸ‡²,2025-10-15 04:22:00
10,X,Di bus never show up again ğŸ˜©,2025-10-17 15:00:00
11,YouTube,"That movie was epic, totally worth it ğŸ¬",2025-10-16 14:16:00
12,YouTube,"Budget proposals are out, what do you think? ğŸ’°",2025-10-15 07:21:00
13,X,"Crime rates are going up, stay safe out there ğŸš¨",2025-10-16 17:37:00
14,X,"Di road dem a bad shape, we need fix it.",2025-10-15 20:54:00
16,Instagram,Cost of living is ridiculous these days ğŸ˜“,2025-10-17 07:46:00
20,YouTube,"Taxes keep going up, when will it stop? ğŸ’¸",2025-10-17 16:57:00
25,Instagram,Training hard for the upcoming marathon ğŸƒâ€â™‚ï¸,2025-10-15 19:39:00
26,Instagram,"New album just dropped, it's fire ğŸ”¥",2025-10-17 17:33:00
30,X,Canâ€™t believe another shooting happened last night ğŸ˜¡,2025-10-16 12:42:00
38,Instagram,The Prime Minister announced new policies today ğŸ‡¯ğŸ‡²,2025-10-16 06:58:00
54,Instagram,Our team won the championship! ğŸ†,2025-10-17 11:34:00
70,YouTube,Gas prices are killing me today ğŸ˜¤,2025-10-17 16:21:00
1,X,Stay safe out there in St. Ann ğŸš¨,2025-10-18 10:28:16
2,Instagram,Mi nuh agree wid di new policy in Kingston ğŸ¤”,2025-10-13 23:42:16
3,Instagram,Mi love di new album weh drop from Ocho Rios ğŸ¶,2025-10-13 06:34:16
4,X,"Budget proposals out, wha yuh think bout Montego Bay? ğŸ’µ",2025-10-15 12:36:16
5,YouTube,Di vibes at di party in Ocho Rios was unmatched ğŸ¤,2025-10-14 21:42:16
6,X,"Budget proposals out, what do yuh think bout Kingston? ğŸ’°",2025-10-16 01:34:16
7,X,Mi no feel safe in Spanish Town tonight ğŸ˜°,2025-10-15 15:21:16
8,Instagram,Gas prices are high today in Negril ğŸ˜¤,2025-10-12 21:42:16
9,X,Who else watch di game in Kingston? ğŸ”¥,2025-10-18 02:08:16
10,YouTube,Police catch some criminals in St. Ann ğŸ‘®â€â™‚ï¸,2025-10-19 05:11:16
11,YouTube,Education system in Kingston need fix ğŸ“š,2025-10-14 11:21:16
12,Instagram,Canâ€™t believe another shooting happen in St. Ann ğŸ˜¡,2025-10-15 03:10:16
13,Instagram,"Budget proposals out, what do yuh think bout Montego Bay? ğŸ’°",2025-10-14 11:11:16
14,Instagram,Healthcare in Ocho Rios still a struggle ğŸ¥,2025-10-18 18:59:16
15,Instagram,Education system in St. Ann need fix ğŸ“š,2025-10-15 11:07:16
16,Instagram,Education system in Negril need fix ğŸ“š,2025-10-15 03:12:16
17,Instagram,Concert in Ocho Rios last night was lit ğŸ”¥,2025-10-12 19:53:16
19,YouTube,Di new single from St. Ann a gwaan tune fi real ğŸµ,2025-10-16 14:50:16
20,Instagram,Who else watch di game in Ocho Rios? ğŸ”¥,2025-10-16 10:01:16
21,Instagram,Mi proud fi di Reggae Boyz win dem match in Kingston âš½,2025-10-17 15:31:16
24,X,Mi love di new album weh drop from St. Ann ğŸ¶,2025-10-14 09:36:16
25,YouTube,Street food sell out fast in Negril ğŸŒ®,2025-10-14 08:23:16
26,X,"Budget proposals out, wha yuh think bout Spanish Town? ğŸ’µ",2025-10-12 13:34:16
27,Instagram,Election news from Kingston a shock mi ğŸ—³ï¸,2025-10-13 21:00:16
28,YouTube,Di cost fi food in Negril a kill mi ğŸ˜©,2025-10-12 21:20:16
29,X,Government plan fi Ocho Rios need improve ğŸ›ï¸,2025-10-13 17:51:16
30,YouTube,Di cost fi food in Montego Bay a kill mi ğŸ˜©,2025-10-18 10:18:16
31,X,Healthcare in Spanish Town still a struggle ğŸ¥,2025-10-13 23:56:16
33,X,Mi nuh agree wid di new policy in Ocho Rios ğŸ¤”,2025-10-16 01:54:16
35,X,Crime a rise in St. Ann ğŸ˜“,2025-10-16 23:11:16
36,YouTube,Di new regulations in Kingston a confuse everybody ğŸ˜•,2025-10-14 23:46:16
37,X,Stay safe out there in Spanish Town ğŸš¨,2025-10-17 02:33:16
38,YouTube,Taxes a rise again in St. Ann ğŸ’¸,2025-10-18 18:18:16
39,X,People a protest in Kingston ğŸª§,2025-10-18 05:29:16
40,Instagram,Election news from Negril a shock mi ğŸ—³ï¸,2025-10-16 23:44:16
41,X,Taxes a rise again in Montego Bay ğŸ’¸,2025-10-16 18:48:16
42,X,Dat movie mi watch last night in Kingston was epic ğŸ¬,2025-10-13 11:55:16
43,YouTube,Training hard fi di marathon in Kingston ğŸƒâ€â™‚ï¸,2025-10-18 08:11:16
44,X,Mi proud fi di Reggae Boyz win dem match in St. Ann âš½,2025-10-13 10:26:16
47,YouTube,Di new single from Ocho Rios a gwaan tune fi real ğŸµ,2025-10-14 19:21:16
48,YouTube,Election news from Ocho Rios a shock mi ğŸ—³ï¸,2025-10-17 19:04:16
49,Instagram,Police catch some criminals in Kingston ğŸ‘®â€â™‚ï¸,2025-10-17 17:25:16
50,YouTube,"Budget proposals out, wha yuh think bout St. Ann? ğŸ’µ",2025-10-19 01:45:16
51,X,Mi proud fi di Reggae Boyz win dem match in Ocho Rios âš½,2025-10-16 00:53:16
53,YouTube,Concert in Montego Bay last night was lit ğŸ”¥,2025-10-17 03:14:16
54,Instagram,Healthcare in Negril still a struggle ğŸ¥,2025-10-17 02:17:16
55,Instagram,Crime a rise in Spanish Town ğŸ˜“,2025-10-14 03:41:16
56,Instagram,Street food sell out fast in Spanish Town ğŸŒ®,2025-10-16 23:49:16
57,YouTube,Canâ€™t believe another shooting happen in Spanish Town ğŸ˜¡,2025-10-12 16:22:16
58,Instagram,People a protest in St. Ann ğŸª§,2025-10-13 10:43:16
59,X,Taxes a rise again in Ocho Rios ğŸ’¸,2025-10-14 23:19:16
60,X,Di cost fi food in Spanish Town a kill mi ğŸ˜©,2025-10-17 00:24:16
61,YouTube,Government plan fi Kingston need improve ğŸ›ï¸,2025-10-12 21:37:16
63,Instagram,Mi proud fi di Reggae Boyz win dem match in Spanish Town âš½,2025-10-18 11:28:16
65,Instagram,Concert in St. Ann last night was lit ğŸ”¥,2025-10-16 07:13:16
66,Instagram,Stay safe out there in Ocho Rios ğŸš¨,2025-10-13 18:45:16
67,X,Street food sell out fast in Kingston ğŸŒ®,2025-10-18 07:49:16
68,X,Di cost fi food in Ocho Rios a kill mi ğŸ˜©,2025-10-16 10:53:16
70,Instagram,Canâ€™t believe another shooting happen in Negril ğŸ˜¡,2025-10-14 14:20:16
71,YouTube,Mi nuh agree wid di new policy in Spanish Town ğŸ¤”,2025-10-13 00:23:16
72,X,Concert in Kingston last night was lit ğŸ”¥,2025-10-19 07:44:16
73,X,Street food sell out fast in Montego Bay ğŸŒ®,2025-10-15 07:29:16
75,YouTube,Who else watch di game in Spanish Town? ğŸ”¥,2025-10-18 09:47:16
76,Instagram,People a protest in Ocho Rios ğŸª§,2025-10-12 22:32:16
79,YouTube,Rent keep going up in St. Ann ğŸ’°,2025-10-16 14:22:16
80,X,Training hard fi di marathon in Montego Bay ğŸƒâ€â™‚ï¸,2025-10-15 20:40:16
81,YouTube,Mi no feel safe in Negril tonight ğŸ˜°,2025-10-18 21:30:16
82,X,Di local team in Spanish Town a perform good ğŸ,2025-10-16 01:33:16
84,Instagram,Rent keep going up in Spanish Town ğŸ’°,2025-10-14 22:54:16
85,YouTube,Education system in Spanish Town need fix ğŸ“š,2025-10-16 17:46:16
89,X,Di new single from Spanish Town a gwaan tune fi real ğŸµ,2025-10-15 01:11:16
91,YouTube,Di vibes at di party in Montego Bay was unmatched ğŸ¤,2025-10-13 23:44:16
92,YouTube,"Budget proposals out, wha yuh think bout Negril? ğŸ’µ",2025-10-12 13:17:16
97,YouTube,Mi nuh agree wid di new policy in St. Ann ğŸ¤”,2025-10-17 10:53:16
98,X,"Budget proposals out, what do yuh think bout St. Ann? ğŸ’°",2025-10-13 00:29:16
99,Instagram,Mi no feel safe in St. Ann tonight ğŸ˜°,2025-10-17 06:47:16
100,X,Di local team in Montego Bay a perform good ğŸ,2025-10-18 14:52:16
103,Instagram,Dat movie mi watch last night in Negril was epic ğŸ¬,2025-10-14 11:34:16
104,YouTube,Mi proud fi di Reggae Boyz win dem match in Negril âš½,2025-10-13 15:46:16
106,X,Crime a rise in Kingston ğŸ˜“,2025-10-15 09:38:16
107,Instagram,Crime a rise in Montego Bay ğŸ˜“,2025-10-13 01:26:16
110,Instagram,Di new regulations in St. Ann a confuse everybody ğŸ˜•,2025-10-16 23:28:16
112,X,Healthcare in St. Ann still a struggle ğŸ¥,2025-10-15 08:42:16
113,YouTube,Election news from Spanish Town a shock mi ğŸ—³ï¸,2025-10-13 05:57:16
114,X,Mi no feel safe in Kingston tonight ğŸ˜°,2025-10-18 11:11:16
119,Instagram,Mi hungry fi some jerk chicken in Montego Bay ğŸ—,2025-10-17 05:41:16
120,YouTube,People a protest in Spanish Town ğŸª§,2025-10-15 23:15:16
123,X,Di local team in Kingston a perform good ğŸ,2025-10-16 20:38:16
128,Instagram,Canâ€™t believe another shooting happen in Montego Bay ğŸ˜¡,2025-10-12 18:39:16
132,X,Di local team in St. Ann a perform good ğŸ,2025-10-13 21:00:16
133,X,Who else watch di game in Negril? ğŸ”¥,2025-10-18 22:29:16
134,YouTube,Dat movie mi watch last night in Spanish Town was epic ğŸ¬,2025-10-16 17:36:16
135,Instagram,Training hard fi di marathon in Negril ğŸƒâ€â™‚ï¸,2025-10-19 00:38:16
136,Instagram,Di cost fi food in Kingston a kill mi ğŸ˜©,2025-10-12 17:56:16
137,YouTube,Rent keep going up in Montego Bay ğŸ’°,2025-10-12 20:42:16
138,X,Di new regulations in Negril a confuse everybody ğŸ˜•,2025-10-15 04:33:16
140,X,Election news from St. Ann a shock mi ğŸ—³ï¸,2025-10-15 17:52:16
151,X,Crazy goal mi see last night in Negril ğŸ€,2025-10-18 11:31:16
157,Instagram,Mi love di new album weh drop from Spanish Town ğŸ¶,2025-10-16 22:03:16
158,YouTube,Education system in Montego Bay need fix ğŸ“š,2025-10-15 10:37:16
161,X,Di new single from Negril a gwaan tune fi real ğŸµ,2025-10-17 04:09:16
165,Instagram,Dat movie mi watch last night in Ocho Rios was epic ğŸ¬,2025-10-18 10:03:16
166,X,Mi love di new album weh drop from Montego Bay ğŸ¶,2025-10-17 16:44:16
169,Instagram,Street food sell out fast in Ocho Rios ğŸŒ®,2025-10-12 22:16:16
172,YouTube,Stay safe out there in Kingston ğŸš¨,2025-10-19 04:02:16
174,YouTube,Concert in Spanish Town last night was lit ğŸ”¥,2025-10-17 03:02:16
175,YouTube,Di cost fi food in St. Ann a kill mi ğŸ˜©,2025-10-15 06:58:16
177,X,People a protest in Negril ğŸª§,2025-10-14 15:53:16
178,YouTube,Di vibes at di party in Kingston was unmatched ğŸ¤,2025-10-18 13:48:16
185,X,Di vibes at di party in Spanish Town was unmatched ğŸ¤,2025-10-18 05:12:16
186,Instagram,Di local team in Negril a perform good ğŸ,2025-10-18 05:55:16
188,X,Crazy goal mi see last night in St. Ann ğŸ€,2025-10-13 05:05:16
189,X,Gas prices are high today in St. Ann ğŸ˜¤,2025-10-13 19:07:16
196,YouTube,Crazy goal mi see last night in Montego Bay ğŸ€,2025-10-14 15:03:16
200,YouTube,"Budget proposals out, wha yuh think bout Kingston? ğŸ’µ",2025-10-15 15:26:16
202,X,"Budget proposals out, wha yuh think bout Ocho Rios? ğŸ’µ",2025-10-18 07:52:16
203,YouTube,Taxes a rise again in Negril ğŸ’¸,2025-10-15 09:52:16
206,YouTube,Crazy goal mi see last night in Spanish Town ğŸ€,2025-10-12 20:27:16
207,X,Di local team in Ocho Rios a perform good ğŸ,2025-10-14 15:06:16
208,YouTube,Police catch some criminals in Montego Bay ğŸ‘®â€â™‚ï¸,2025-10-12 17:27:16
213,X,Dat movie mi watch last night in St. Ann was epic ğŸ¬,2025-10-18 20:26:16
219,YouTube,Training hard fi di marathon in Ocho Rios ğŸƒâ€â™‚ï¸,2025-10-16 09:20:16
220,Instagram,Rent keep going up in Ocho Rios ğŸ’°,2025-10-16 05:13:16
223,Instagram,Di new regulations in Ocho Rios a confuse everybody ğŸ˜•,2025-10-15 09:42:16
225,Instagram,Healthcare in Montego Bay still a struggle ğŸ¥,2025-10-17 06:56:16
232,YouTube,Government plan fi Montego Bay need improve ğŸ›ï¸,2025-10-12 21:32:16
239,YouTube,Di new single from Kingston a gwaan tune fi real ğŸµ,2025-10-13 21:22:16
240,X,Police catch some criminals in Negril ğŸ‘®â€â™‚ï¸,2025-10-13 14:36:16
251,Instagram,People a protest in Montego Bay ğŸª§,2025-10-18 19:36:16
252,Instagram,Taxes a rise again in Kingston ğŸ’¸,2025-10-17 07:40:16
253,X,Election news from Montego Bay a shock mi ğŸ—³ï¸,2025-10-17 05:53:16
254,X,Gas prices are high today in Spanish Town ğŸ˜¤,2025-10-14 19:20:16
258,YouTube,Mi proud fi di Reggae Boyz win dem match in Montego Bay âš½,2025-10-14 05:13:16
259,Instagram,Who else watch di game in Montego Bay? ğŸ”¥,2025-10-13 14:13:16
260,YouTube,Mi nuh agree wid di new policy in Montego Bay ğŸ¤”,2025-10-14 01:14:16
275,X,Di vibes at di party in St. Ann was unmatched ğŸ¤,2025-10-19 09:59:16
276,YouTube,Crime a rise in Ocho Rios ğŸ˜“,2025-10-18 09:06:16
280,YouTube,Concert in Negril last night was lit ğŸ”¥,2025-10-18 00:11:16
300,X,Street food sell out fast in St. Ann ğŸŒ®,2025-10-18 00:36:16
316,Instagram,Training hard fi di marathon in St. Ann ğŸƒâ€â™‚ï¸,2025-10-17 05:31:16
317,YouTube,Di new regulations in Spanish Town a confuse everybody ğŸ˜•,2025-10-15 01:30:16
324,YouTube,Police catch some criminals in Ocho Rios ğŸ‘®â€â™‚ï¸,2025-10-18 05:04:16
329,Instagram,Canâ€™t believe another shooting happen in Ocho Rios ğŸ˜¡,2025-10-12 16:13:16
331,Instagram,Canâ€™t believe another shooting happen in Kingston ğŸ˜¡,2025-10-19 01:49:16
334,X,Di new regulations in Montego Bay a confuse everybody ğŸ˜•,2025-10-17 08:42:16
346,Instagram,Government plan fi Negril need improve ğŸ›ï¸,2025-10-14 02:46:16
348,Instagram,Crazy goal mi see last night in Kingston ğŸ€,2025-10-14 11:18:16
358,Instagram,Gas prices are high today in Montego Bay ğŸ˜¤,2025-10-18 19:19:16
364,Instagram,Crime a rise in Negril ğŸ˜“,2025-10-13 23:14:16
366,X,Government plan fi Spanish Town need improve ğŸ›ï¸,2025-10-14 23:11:16
397,X,"Budget proposals out, what do yuh think bout Spanish Town? ğŸ’°",2025-10-15 23:05:16
399,Instagram,Mi love di new album weh drop from Negril ğŸ¶,2025-10-12 16:32:16
403,YouTube,Di new single from Montego Bay a gwaan tune fi real ğŸµ,2025-10-12 23:25:16
409,Instagram,Mi no feel safe in Montego Bay tonight ğŸ˜°,2025-10-15 19:22:16
414,YouTube,Stay safe out there in Montego Bay ğŸš¨,2025-10-13 20:51:16
425,Instagram,Training hard fi di marathon in Spanish Town ğŸƒâ€â™‚ï¸,2025-10-15 13:46:16
426,Instagram,Gas prices are high today in Kingston ğŸ˜¤,2025-10-15 15:27:16
442,YouTube,Government plan fi St. Ann need improve ğŸ›ï¸,2025-10-18 00:33:16
446,X,Mi love di new album weh drop from Kingston ğŸ¶,2025-10-16 23:43:16
451,Instagram,Police catch some criminals in Spanish Town ğŸ‘®â€â™‚ï¸,2025-10-14 16:53:16
473,Instagram,Di vibes at di party in Negril was unmatched ğŸ¤,2025-10-13 00:41:16
521,X,Mi nuh agree wid di new policy in Negril ğŸ¤”,2025-10-15 14:13:16
529,YouTube,Mi no feel safe in Ocho Rios tonight ğŸ˜°,2025-10-13 19:58:16
535,YouTube,Healthcare in Kingston still a struggle ğŸ¥,2025-10-17 13:57:16
539,X,Rent keep going up in Negril ğŸ’°,2025-10-17 16:52:16
571,YouTube,"Budget proposals out, what do yuh think bout Negril? ğŸ’°",2025-10-14 06:38:16
578,Instagram,Stay safe out there in Negril ğŸš¨,2025-10-18 15:42:16
587,Instagram,Who else watch di game in St. Ann? ğŸ”¥,2025-10-18 21:39:16
599,X,"Budget proposals out, what do yuh think bout Ocho Rios? ğŸ’°",2025-10-16 01:20:16
656,YouTube,Dat movie mi watch last night in Montego Bay was epic ğŸ¬,2025-10-16 14:48:16
670,X,Rent keep going up in Kingston ğŸ’°,2025-10-19 07:13:16
707,X,Education system in Ocho Rios need fix ğŸ“š,2025-10-15 22:09:16
787,YouTube,Taxes a rise again in Spanish Town ğŸ’¸,2025-10-14 03:52:16
904,YouTube,Crazy goal mi see last night in Ocho Rios ğŸ€,2025-10-13 19:02:16
1432,X,Gas prices are high today in Ocho Rios ğŸ˜¤,2025-10-15 23:47:16
2501,Instagram,Big up di local team in Negril âš½,2025-10-15 12:51:30
2502,X,Di new regulations in Spanish Town need check ğŸ˜•,2025-10-15 14:58:30
2503,Instagram,Who catch di match in Kingston? ğŸ”¥,2025-10-18 15:13:30
2504,YouTube,Mi cya believe di robbery in Negril ğŸ˜¡,2025-10-19 08:23:30
2505,X,Healthcare situation in Ocho Rios still rough ğŸ¥,2025-10-17 10:04:30
2506,YouTube,Another shooting report in Spanish Town ğŸ˜“,2025-10-16 19:27:30
2507,YouTube,Training fi di marathon in Negril a gwaan strong ğŸƒâ€â™‚ï¸,2025-10-16 22:29:30
2508,YouTube,People need fi stay safe in Negril ğŸš¨,2025-10-17 03:14:30
2509,YouTube,Di game in Kingston last night did intense ğŸ€,2025-10-17 02:46:30
2510,X,Policy changes in Ocho Rios everyone a debate ğŸ¤”,2025-10-13 20:48:30
2511,Instagram,Dat new track from Ocho Rios mash up di charts ğŸµ,2025-10-15 16:22:30
2512,YouTube,Di vibes from Negril new show a gwaan hard ğŸ¶,2025-10-18 23:37:30
2513,X,Di movie mi watch in Kingston did full a action ğŸ¬,2025-10-16 09:10:30
2514,YouTube,Election update from Spanish Town shocking mi ğŸ—³ï¸,2025-10-14 11:42:30
2515,Instagram,Mi cya believe di robbery in Ocho Rios ğŸ˜¡,2025-10-13 12:21:30
2516,YouTube,Food prices a skyrocket in Montego Bay ğŸ˜©,2025-10-13 17:56:30
2517,Instagram,Big up di local team in St. Ann âš½,2025-10-13 18:51:30
2518,X,Police dem a work hard in Ocho Rios ğŸ‘®â€â™‚ï¸,2025-10-18 21:34:30
2519,Instagram,People need fi stay safe in Kingston ğŸš¨,2025-10-18 09:46:30
2520,YouTube,Gas a nuff in Kingston today ğŸ˜¤,2025-10-12 12:49:30
2521,YouTube,Government a roll out new plan in St. Ann ğŸ›ï¸,2025-10-18 20:41:30
2522,YouTube,How people a manage di cost a living in Spanish Town? ğŸ¤”,2025-10-13 04:13:30
2523,YouTube,Di game in St. Ann last night did intense ğŸ€,2025-10-19 12:00:30
2524,X,Mi cya wait fi di concert in Negril ğŸ”¥,2025-10-16 04:02:30
2526,YouTube,Mi cya wait fi di concert in Montego Bay ğŸ”¥,2025-10-16 02:24:30
2527,X,Another shooting report in Negril ğŸ˜“,2025-10-18 14:46:30
2529,Instagram,Reggae Boyz a perform in Kingston mi proud ğŸ‡¯ğŸ‡²,2025-10-19 10:07:30
2530,X,Budget talk fi St. Ann circulating ğŸ’µ,2025-10-14 10:35:30
2531,X,Budget talk fi Montego Bay circulating ğŸ’µ,2025-10-13 08:37:30
2532,Instagram,Election update from Kingston shocking mi ğŸ—³ï¸,2025-10-14 16:25:30
2534,X,Dat new track from St. Ann mash up di charts ğŸµ,2025-10-19 10:15:30
2535,YouTube,Community a gather in Negril fi protest ğŸª§,2025-10-18 10:33:30
2536,YouTube,Reggae Boyz a perform in Ocho Rios mi proud ğŸ‡¯ğŸ‡²,2025-10-15 15:06:30
2537,YouTube,Di movie mi watch in Ocho Rios did full a action ğŸ¬,2025-10-19 11:04:30
2541,X,Mi want some street food in Kingston ğŸŒ®,2025-10-16 17:04:30
2542,YouTube,Di festival in Ocho Rios wicked mi love it ğŸ¤,2025-10-15 13:40:30
2544,Instagram,Government a roll out new plan in Ocho Rios ğŸ›ï¸,2025-10-13 05:42:30
2545,Instagram,Di movie mi watch in Negril did full a action ğŸ¬,2025-10-19 09:01:30
2546,Instagram,Di rent increase in Kingston rough man ğŸ’¸,2025-10-17 22:30:30
2547,Instagram,Di game in Spanish Town last night did intense ğŸ€,2025-10-12 21:31:30
2548,YouTube,Education in Ocho Rios need more support ğŸ“š,2025-10-15 09:53:30
2550,YouTube,Food prices a skyrocket in St. Ann ğŸ˜©,2025-10-19 11:13:30
2552,X,Election update from Montego Bay shocking mi ğŸ—³ï¸,2025-10-16 05:23:30
2554,X,Gas a nuff in Ocho Rios today ğŸ˜¤,2025-10-18 10:56:30
2555,YouTube,Training fi di marathon in Kingston a gwaan strong ğŸƒâ€â™‚ï¸,2025-10-14 14:57:30
2556,Instagram,People need fi stay safe in St. Ann ğŸš¨,2025-10-14 05:55:30
2557,X,Mi cya wait fi di concert in Spanish Town ğŸ”¥,2025-10-13 16:19:30
2560,Instagram,Education in Kingston need more support ğŸ“š,2025-10-18 20:42:30
2561,Instagram,Crime rate a spike in Spanish Town ğŸ˜°,2025-10-12 13:30:30
2562,Instagram,Election update from St. Ann shocking mi ğŸ—³ï¸,2025-10-14 17:46:30
2565,X,Police dem a work hard in Montego Bay ğŸ‘®â€â™‚ï¸,2025-10-14 05:07:30
2566,YouTube,Crime rate a spike in St. Ann ğŸ˜°,2025-10-13 01:07:30
2568,YouTube,Crime rate a spike in Negril ğŸ˜°,2025-10-15 08:48:30
2569,Instagram,Another shooting report in Kingston ğŸ˜“,2025-10-14 19:39:30
2570,YouTube,Training fi di marathon in Montego Bay a gwaan strong ğŸƒâ€â™‚ï¸,2025-10-15 03:29:30
2571,YouTube,Community a gather in Montego Bay fi protest ğŸª§,2025-10-14 07:37:30
2572,YouTube,Jerk chicken in Negril mi cya wait fi eat ğŸ—,2025-10-14 08:10:30
2573,X,Training fi di marathon in St. Ann a gwaan strong ğŸƒâ€â™‚ï¸,2025-10-13 06:37:30
2574,Instagram,Reggae Boyz a perform in Spanish Town mi proud ğŸ‡¯ğŸ‡²,2025-10-19 03:34:30
2577,Instagram,Mi cya wait fi di concert in St. Ann ğŸ”¥,2025-10-12 17:56:30
2578,Instagram,Food prices a skyrocket in Ocho Rios ğŸ˜©,2025-10-14 07:20:30
2581,YouTube,Police dem a work hard in St. Ann ğŸ‘®â€â™‚ï¸,2025-10-17 01:16:30
2582,X,Another shooting report in Montego Bay ğŸ˜“,2025-10-16 15:38:30
2583,X,Healthcare situation in Montego Bay still rough ğŸ¥,2025-10-13 16:26:30
2584,YouTube,Who catch di match in Negril? ğŸ”¥,2025-10-16 08:43:30
2586,X,Who catch di match in Montego Bay? ğŸ”¥,2025-10-16 18:45:30
2587,YouTube,Government a roll out new plan in Kingston ğŸ›ï¸,2025-10-13 19:51:30
2589,X,How people a manage di cost a living in Ocho Rios? ğŸ¤”,2025-10-14 21:50:30
2590,YouTube,Di vibes from Kingston new show a gwaan hard ğŸ¶,2025-10-18 22:42:30
2591,YouTube,Jerk chicken in Kingston mi cya wait fi eat ğŸ—,2025-10-17 11:52:30
2592,YouTube,Reggae Boyz a perform in Montego Bay mi proud ğŸ‡¯ğŸ‡²,2025-10-14 13:06:30
2593,YouTube,Mi cya believe di robbery in Kingston ğŸ˜¡,2025-10-14 22:08:30
2595,X,Policy changes in Negril everyone a debate ğŸ¤”,2025-10-14 09:48:30
2597,X,Food prices a skyrocket in Negril ğŸ˜©,2025-10-18 03:45:30
2598,X,Education in Montego Bay need more support ğŸ“š,2025-10-14 00:54:30
2600,Instagram,Crime rate a spike in Ocho Rios ğŸ˜°,2025-10-18 11:14:30
2601,YouTube,Budget news fi Spanish Town a stress mi out ğŸ’°,2025-10-14 00:33:30
2602,YouTube,Mi want some street food in St. Ann ğŸŒ®,2025-10-15 12:26:30
2603,Instagram,Mi want some street food in Ocho Rios ğŸŒ®,2025-10-14 00:07:30
2605,Instagram,Another shooting report in Ocho Rios ğŸ˜“,2025-10-16 15:35:30
2606,Instagram,Education in Spanish Town need more support ğŸ“š,2025-10-13 09:46:30
2607,YouTube,Police dem a work hard in Negril ğŸ‘®â€â™‚ï¸,2025-10-12 17:14:30
2608,X,Di new regulations in Negril need check ğŸ˜•,2025-10-13 18:49:30
2610,Instagram,Di vibes from St. Ann new show a gwaan hard ğŸ¶,2025-10-16 08:14:30
2614,Instagram,Government a roll out new plan in Negril ğŸ›ï¸,2025-10-18 11:23:30
2615,YouTube,Another shooting report in St. Ann ğŸ˜“,2025-10-16 00:25:30
2617,Instagram,Big up di local team in Kingston âš½,2025-10-15 17:24:30
2622,YouTube,Di rent increase in Spanish Town rough man ğŸ’¸,2025-10-13 19:41:30
2623,X,Dat new track from Montego Bay mash up di charts ğŸµ,2025-10-17 15:39:30
2626,YouTube,Di festival in Kingston wicked mi love it ğŸ¤,2025-10-18 13:26:30
2630,Instagram,Dat new track from Negril mash up di charts ğŸµ,2025-10-13 11:35:30
2631,X,Di rent increase in Ocho Rios rough man ğŸ’¸,2025-10-15 19:15:30
2632,X,Training fi di marathon in Ocho Rios a gwaan strong ğŸƒâ€â™‚ï¸,2025-10-19 02:08:30
2636,YouTube,Community a gather in St. Ann fi protest ğŸª§,2025-10-17 05:17:30
2637,Instagram,Healthcare situation in Spanish Town still rough ğŸ¥,2025-10-16 13:14:30
2639,Instagram,Di rent increase in Montego Bay rough man ğŸ’¸,2025-10-19 02:39:30
2640,X,Budget talk fi Negril circulating ğŸ’µ,2025-10-19 10:39:30
2644,X,Education in Negril need more support ğŸ“š,2025-10-14 15:34:30
2645,YouTube,Di vibes from Spanish Town new show a gwaan hard ğŸ¶,2025-10-14 21:49:30
2646,Instagram,Who catch di match in St. Ann? ğŸ”¥,2025-10-12 13:40:30
2648,X,Budget news fi Kingston a stress mi out ğŸ’°,2025-10-14 16:18:30
2649,YouTube,Who catch di match in Spanish Town? ğŸ”¥,2025-10-15 10:22:30
2650,YouTube,Government a roll out new plan in Spanish Town ğŸ›ï¸,2025-10-15 23:19:30
2651,YouTube,Mi want some street food in Negril ğŸŒ®,2025-10-19 02:45:30
2654,Instagram,Dat new track from Kingston mash up di charts ğŸµ,2025-10-15 05:07:30
2655,YouTube,Policy changes in St. Ann everyone a debate ğŸ¤”,2025-10-17 21:59:30
2656,Instagram,Food prices a skyrocket in Spanish Town ğŸ˜©,2025-10-16 22:26:30
2661,YouTube,Gas a nuff in Montego Bay today ğŸ˜¤,2025-10-14 16:34:30
2663,X,Community a gather in Spanish Town fi protest ğŸª§,2025-10-13 23:19:30
2670,Instagram,Training fi di marathon in Spanish Town a gwaan strong ğŸƒâ€â™‚ï¸,2025-10-12 18:16:30
2680,X,Di movie mi watch in Montego Bay did full a action ğŸ¬,2025-10-18 08:57:30
2682,Instagram,Gas a nuff in St. Ann today ğŸ˜¤,2025-10-16 17:53:30
2683,X,Di game in Montego Bay last night did intense ğŸ€,2025-10-15 08:34:30
2686,Instagram,Reggae Boyz a perform in St. Ann mi proud ğŸ‡¯ğŸ‡²,2025-10-13 15:51:30
2690,Instagram,Di new regulations in St. Ann need check ğŸ˜•,2025-10-17 10:56:30
2691,YouTube,Food prices a skyrocket in Kingston ğŸ˜©,2025-10-13 02:14:30
2692,YouTube,Policy changes in Kingston everyone a debate ğŸ¤”,2025-10-12 21:36:30
2693,X,Budget talk fi Ocho Rios circulating ğŸ’µ,2025-10-14 12:15:30
2695,YouTube,Gas a nuff in Negril today ğŸ˜¤,2025-10-12 22:41:30
2697,Instagram,Di festival in Montego Bay wicked mi love it ğŸ¤,2025-10-16 04:33:30
2699,Instagram,Jerk chicken in Ocho Rios mi cya wait fi eat ğŸ—,2025-10-16 23:05:30
2701,Instagram,Election update from Ocho Rios shocking mi ğŸ—³ï¸,2025-10-14 22:12:30
2709,YouTube,Di new regulations in Kingston need check ğŸ˜•,2025-10-16 02:01:30
2716,Instagram,People need fi stay safe in Spanish Town ğŸš¨,2025-10-17 03:47:30
2725,YouTube,Community a gather in Kingston fi protest ğŸª§,2025-10-13 12:53:30
2730,X,Mi want some street food in Montego Bay ğŸŒ®,2025-10-16 09:03:30
2736,X,Budget news fi Ocho Rios a stress mi out ğŸ’°,2025-10-16 20:42:30
2739,YouTube,Mi want some street food in Spanish Town ğŸŒ®,2025-10-18 07:05:30
2740,YouTube,Crime rate a spike in Montego Bay ğŸ˜°,2025-10-14 16:23:30
2741,YouTube,Mi cya wait fi di concert in Ocho Rios ğŸ”¥,2025-10-14 12:06:30
2744,Instagram,Government a roll out new plan in Montego Bay ğŸ›ï¸,2025-10-15 13:22:30
2749,X,How people a manage di cost a living in St. Ann? ğŸ¤”,2025-10-12 16:08:30
2750,YouTube,Jerk chicken in Montego Bay mi cya wait fi eat ğŸ—,2025-10-14 23:07:30
2757,X,Di vibes from Montego Bay new show a gwaan hard ğŸ¶,2025-10-18 13:24:30
2759,YouTube,Big up di local team in Spanish Town âš½,2025-10-13 04:11:30
2762,Instagram,Policy changes in Spanish Town everyone a debate ğŸ¤”,2025-10-15 14:12:30
2766,X,Police dem a work hard in Spanish Town ğŸ‘®â€â™‚ï¸,2025-10-14 11:32:30
2780,Instagram,How people a manage di cost a living in Kingston? ğŸ¤”,2025-10-19 03:40:30
2783,YouTube,Gas a nuff in Spanish Town today ğŸ˜¤,2025-10-16 07:35:30
2788,Instagram,How people a manage di cost a living in Montego Bay? ğŸ¤”,2025-10-17 06:34:30
2797,X,Who catch di match in Ocho Rios? ğŸ”¥,2025-10-17 10:39:30
2809,X,Di game in Ocho Rios last night did intense ğŸ€,2025-10-18 06:48:30
2812,Instagram,Di vibes from Ocho Rios new show a gwaan hard ğŸ¶,2025-10-17 00:49:30
2813,YouTube,Di rent increase in St. Ann rough man ğŸ’¸,2025-10-19 09:27:30
2825,X,Budget news fi Montego Bay a stress mi out ğŸ’°,2025-10-13 15:02:30
2832,YouTube,Di festival in Negril wicked mi love it ğŸ¤,2025-10-12 21:12:30
2838,Instagram,Mi cya believe di robbery in Montego Bay ğŸ˜¡,2025-10-18 20:04:30
2843,Instagram,Police dem a work hard in Kingston ğŸ‘®â€â™‚ï¸,2025-10-17 00:32:30
2850,X,Di new regulations in Ocho Rios need check ğŸ˜•,2025-10-12 18:37:30
2859,YouTube,Budget news fi Negril a stress mi out ğŸ’°,2025-10-16 16:37:30
2864,YouTube,Budget news fi St. Ann a stress mi out ğŸ’°,2025-10-13 03:01:30
2870,X,How people a manage di cost a living in Negril? ğŸ¤”,2025-10-17 11:44:30
2880,YouTube,Di rent increase in Negril rough man ğŸ’¸,2025-10-16 03:28:30
2887,Instagram,Mi cya believe di robbery in St. Ann ğŸ˜¡,2025-10-17 21:17:30
2891,X,Healthcare situation in Kingston still rough ğŸ¥,2025-10-18 07:14:30
2893,YouTube,Jerk chicken in St. Ann mi cya wait fi eat ğŸ—,2025-10-12 22:13:30
2904,X,Crime rate a spike in Kingston ğŸ˜°,2025-10-18 03:25:30
2914,Instagram,People need fi stay safe in Montego Bay ğŸš¨,2025-10-12 17:27:30
2935,YouTube,Di game in Negril last night did intense ğŸ€,2025-10-17 11:16:30
2948,Instagram,Mi cya believe di robbery in Spanish Town ğŸ˜¡,2025-10-14 01:34:30
2969,Instagram,Reggae Boyz a perform in Negril mi proud ğŸ‡¯ğŸ‡²,2025-10-16 18:11:30
2971,X,Big up di local team in Montego Bay âš½,2025-10-17 16:19:30
2977,YouTube,Di movie mi watch in Spanish Town did full a action ğŸ¬,2025-10-12 22:44:30
2989,Instagram,Healthcare situation in Negril still rough ğŸ¥,2025-10-13 17:27:30
3007,YouTube,Policy changes in Montego Bay everyone a debate ğŸ¤”,2025-10-17 18:20:30
3042,X,People need fi stay safe in Ocho Rios ğŸš¨,2025-10-12 19:49:30
3046,YouTube,Big up di local team in Ocho Rios âš½,2025-10-14 10:31:30
3062,YouTube,Dat new track from Spanish Town mash up di charts ğŸµ,2025-10-16 08:16:30
3068,YouTube,Di movie mi watch in St. Ann did full a action ğŸ¬,2025-10-17 20:29:30
3069,X,Di festival in St. Ann wicked mi love it ğŸ¤,2025-10-16 23:15:30
3094,X,Budget talk fi Spanish Town circulating ğŸ’µ,2025-10-13 16:27:30
3096,X,Election update from Negril shocking mi ğŸ—³ï¸,2025-10-13 11:47:30
3120,YouTube,Healthcare situation in St. Ann still rough ğŸ¥,2025-10-13 05:49:30
3151,X,Di new regulations in Montego Bay need check ğŸ˜•,2025-10-15 08:23:30
3241,Instagram,Jerk chicken in Spanish Town mi cya wait fi eat ğŸ—,2025-10-14 21:27:30
3289,X,Budget talk fi Kingston circulating ğŸ’µ,2025-10-19 10:37:30
3301,Instagram,Community a gather in Ocho Rios fi protest ğŸª§,2025-10-16 08:49:30
3394,X,Mi cya wait fi di concert in Kingston ğŸ”¥,2025-10-15 08:07:30
3494,Instagram,Education in St. Ann need more support ğŸ“š,2025-10-12 21:45:30
3657,YouTube,Di festival in Spanish Town wicked mi love it ğŸ¤,2025-10-19 09:30:30
5001,Instagram,Di healthcare in Montego Bay a worsen mi ğŸ¤’,2025-10-18 02:34:46
5002,Instagram,"Crime a rise, community in Kingston unsafe ğŸ˜¡",2025-10-16 22:27:46
5003,YouTube,Mi frustrated wid di poor conditions in Ocho Rios ğŸ˜¤,2025-10-17 16:55:46
5004,YouTube,Mi frustrated wid di poor conditions in Kingston ğŸ˜¤,2025-10-12 18:26:46
5006,YouTube,Di youth in Negril need more support ğŸ˜,2025-10-17 11:33:46
5007,Instagram,Jerk chicken shortage in Kingston a annoy mi ğŸ—,2025-10-13 03:14:46
5008,X,"Crime a rise, community in Negril unsafe ğŸ˜¡",2025-10-15 13:44:46
5009,YouTube,Education in Montego Bay still a mess ğŸ˜“,2025-10-16 04:41:46
5010,X,Education in Kingston still a mess ğŸ˜“,2025-10-19 06:19:46
5011,YouTube,Di healthcare in Spanish Town a worsen mi ğŸ¤’,2025-10-14 11:09:46
5012,YouTube,Di government neglect di people in St. Ann ğŸ˜ ,2025-10-13 20:34:46
5014,X,"Crime a rise, community in Ocho Rios unsafe ğŸ˜¡",2025-10-12 17:12:46
5016,X,Di streets in Spanish Town full a problems ğŸš¨,2025-10-16 16:31:46
5017,Instagram,Di government neglect di people in Negril ğŸ˜ ,2025-10-18 08:31:46
5018,X,Mi frustrated wid di poor conditions in Spanish Town ğŸ˜¤,2025-10-17 01:32:46
5019,YouTube,Homelessness in St. Ann a increase ğŸ˜°,2025-10-12 13:31:46
5021,YouTube,Education in Negril still a mess ğŸ˜“,2025-10-17 10:46:46
5024,X,Homelessness in Montego Bay a increase ğŸ˜°,2025-10-18 05:23:46
5025,YouTube,Homelessness in Kingston a increase ğŸ˜°,2025-10-19 00:37:46
5028,Instagram,People a suffer in Negril everyday ğŸ˜¢,2025-10-14 12:02:46
5029,YouTube,Homelessness in Ocho Rios a increase ğŸ˜°,2025-10-18 19:22:46
5031,YouTube,Education in Spanish Town still a mess ğŸ˜“,2025-10-19 09:54:46
5032,X,Di streets in Kingston full a problems ğŸš¨,2025-10-17 12:56:46
5035,X,Jerk chicken shortage in Spanish Town a annoy mi ğŸ—,2025-10-15 15:31:46
5036,Instagram,Di healthcare in Negril a worsen mi ğŸ¤’,2025-10-16 01:38:46
5038,YouTube,Jerk chicken shortage in Ocho Rios a annoy mi ğŸ—,2025-10-12 13:46:46
5039,YouTube,People a suffer in Spanish Town everyday ğŸ˜¢,2025-10-18 06:11:46
5040,YouTube,Di streets in St. Ann full a problems ğŸš¨,2025-10-15 19:11:46
5043,X,"Crime a rise, community in Montego Bay unsafe ğŸ˜¡",2025-10-14 15:18:46
5044,Instagram,Education in Ocho Rios still a mess ğŸ˜“,2025-10-16 23:33:46
5045,X,People a suffer in Kingston everyday ğŸ˜¢,2025-10-15 11:33:46
5047,Instagram,Mi frustrated wid di poor conditions in Montego Bay ğŸ˜¤,2025-10-13 12:07:46
5049,Instagram,Di healthcare in Kingston a worsen mi ğŸ¤’,2025-10-17 13:40:46
5052,X,Jerk chicken shortage in Montego Bay a annoy mi ğŸ—,2025-10-12 18:37:46
5053,X,Di healthcare in Ocho Rios a worsen mi ğŸ¤’,2025-10-14 07:04:46
5058,YouTube,Di government neglect di people in Spanish Town ğŸ˜ ,2025-10-14 21:14:46
5060,Instagram,Di streets in Negril full a problems ğŸš¨,2025-10-13 16:10:46
5062,X,Di youth in St. Ann need more support ğŸ˜,2025-10-14 13:46:46
5065,Instagram,Di government neglect di people in Montego Bay ğŸ˜ ,2025-10-14 23:41:46
5068,X,Di youth in Kingston need more support ğŸ˜,2025-10-18 15:03:46
5069,Instagram,Mi frustrated wid di poor conditions in Negril ğŸ˜¤,2025-10-14 16:57:46
5075,Instagram,Di streets in Montego Bay full a problems ğŸš¨,2025-10-16 17:34:46
5084,Instagram,Di government neglect di people in Kingston ğŸ˜ ,2025-10-15 12:56:46
5085,Instagram,"Crime a rise, community in St. Ann unsafe ğŸ˜¡",2025-10-15 00:29:46
5095,YouTube,Homelessness in Negril a increase ğŸ˜°,2025-10-19 05:12:46
5096,YouTube,Di youth in Montego Bay need more support ğŸ˜,2025-10-14 08:43:46
5098,Instagram,Jerk chicken shortage in Negril a annoy mi ğŸ—,2025-10-12 22:53:46
5117,YouTube,Jerk chicken shortage in St. Ann a annoy mi ğŸ—,2025-10-16 08:09:46
5120,YouTube,Education in St. Ann still a mess ğŸ˜“,2025-10-17 09:30:46
5133,YouTube,People a suffer in St. Ann everyday ğŸ˜¢,2025-10-14 07:17:46
5135,YouTube,People a suffer in Montego Bay everyday ğŸ˜¢,2025-10-14 13:45:46
5145,YouTube,Homelessness in Spanish Town a increase ğŸ˜°,2025-10-16 11:48:46
5150,X,"Crime a rise, community in Spanish Town unsafe ğŸ˜¡",2025-10-18 06:35:46
5160,X,Di streets in Ocho Rios full a problems ğŸš¨,2025-10-15 03:41:46
5162,X,Mi frustrated wid di poor conditions in St. Ann ğŸ˜¤,2025-10-19 05:08:46
5167,Instagram,Di healthcare in St. Ann a worsen mi ğŸ¤’,2025-10-18 15:31:46
5185,YouTube,Di government neglect di people in Ocho Rios ğŸ˜ ,2025-10-17 05:42:46
5209,Instagram,People a suffer in Ocho Rios everyday ğŸ˜¢,2025-10-17 18:42:46
5215,Instagram,Di youth in Spanish Town need more support ğŸ˜,2025-10-12 17:21:46
5223,X,Di youth in Ocho Rios need more support ğŸ˜,2025-10-16 17:58:46
3,Instagram,Mi cyaan believe how high di rent dem a go in Kingston ğŸ’¸,2025-10-14 00:36:00
7,X,Di stock market in Kingston a rise ğŸ“ˆ,2025-10-11 18:40:00
13,X,Mi cyaan believe how high di rent dem a go in St. Ann ğŸ’¸,2025-10-12 11:40:00
15,YouTube,Di stock market in Spanish Town a rise ğŸ“ˆ,2025-10-14 03:28:00
22,X,Di rain mash up di road dem in Negril ğŸŒ§ï¸,2025-10-13 08:05:00
32,YouTube,Mi cyaan believe how high di rent dem a go in Ocho Rios ğŸ’¸,2025-10-12 05:56:00
37,X,Mi see long queue fi di clinic in Mandeville ğŸ¥,2025-10-10 11:22:00
38,YouTube,Mi cyaan wait fi di next music festival in Negril! ğŸ¶,2025-10-11 13:32:00
39,Instagram,Mi cyaan believe how high di rent dem a go in Mandeville ğŸ’¸,2025-10-11 05:38:00
48,Instagram,Di local festival in Spanish Town was pure vibes! ğŸ‰,2025-10-11 08:02:00
52,X,Mi see long queue fi di clinic in Spanish Town ğŸ¥,2025-10-14 13:12:00
63,Instagram,Mi see long queue fi di clinic in Portmore ğŸ¥,2025-10-10 18:04:00
86,X,Di rain mash up di road dem in St. Ann ğŸŒ§ï¸,2025-10-14 22:34:00
113,X,Di local festival in Mandeville was pure vibes! ğŸ‰,2025-10-14 12:30:00
118,YouTube,Di stock market in Montego Bay a rise ğŸ“ˆ,2025-10-11 14:27:00
122,YouTube,Canâ€™t believe another shooting happened in Negril ğŸ˜¡,2025-10-13 11:09:00
134,YouTube,Di rain mash up di road dem in Montego Bay ğŸŒ§ï¸,2025-10-12 18:02:00
136,Instagram,Di local festival in Montego Bay was pure vibes! ğŸ‰,2025-10-10 04:18:00
141,Instagram,Di stock market in Ocho Rios a rise ğŸ“ˆ,2025-10-11 19:03:00
153,YouTube,"Cost of living is ridiculous in Spanish Town, people a struggle ğŸ˜“",2025-10-12 10:34:00
169,Instagram,Di stock market in Mandeville a rise ğŸ“ˆ,2025-10-12 11:37:00
180,YouTube,Mi see long queue fi di clinic in Montego Bay ğŸ¥,2025-10-12 13:23:00
198,YouTube,Mi cyaan believe how high di rent dem a go in St. Catherine ğŸ’¸,2025-10-11 23:35:00
201,X,Di rain mash up di road dem in St. Catherine ğŸŒ§ï¸,2025-10-13 02:18:00
220,X,Di power cut last night was rough in Portmore âš¡,2025-10-13 13:25:00
223,Instagram,Di local festival in St. Catherine was pure vibes! ğŸ‰,2025-10-12 12:34:00
229,YouTube,Mi see long queue fi di clinic in St. Ann ğŸ¥,2025-10-11 00:51:00
244,X,Di local festival in Kingston was pure vibes! ğŸ‰,2025-10-11 08:19:00
266,X,Mi cyaan believe how high di rent dem a go in Montego Bay ğŸ’¸,2025-10-13 04:51:00
274,X,Di rain mash up di road dem in Spanish Town ğŸŒ§ï¸,2025-10-10 12:46:00
295,X,Mi see long queue fi di clinic in Ocho Rios ğŸ¥,2025-10-13 08:28:00
300,Instagram,Di stock market in Negril a rise ğŸ“ˆ,2025-10-14 05:29:00
318,X,Di local festival in Negril was pure vibes! ğŸ‰,2025-10-12 10:28:00
323,X,Di stock market in St. Ann a rise ğŸ“ˆ,2025-10-13 22:33:00
324,YouTube,Di stock market in Portmore a rise ğŸ“ˆ,2025-10-12 13:41:00
328,X,Mi cyaan believe how high di rent dem a go in Spanish Town ğŸ’¸,2025-10-13 14:22:00
357,YouTube,Di rain mash up di road dem in Ocho Rios ğŸŒ§ï¸,2025-10-10 02:39:00
364,YouTube,Mi cyaan believe how high di rent dem a go in Portmore ğŸ’¸,2025-10-12 18:00:00
377,Instagram,Mi see long queue fi di clinic in St. Catherine ğŸ¥,2025-10-14 06:17:00
395,YouTube,Di stock market in St. Catherine a rise ğŸ“ˆ,2025-10-12 03:39:00
451,X,Di rain mash up di road dem in Portmore ğŸŒ§ï¸,2025-10-10 01:31:00
469,X,Mi see long queue fi di clinic in Kingston ğŸ¥,2025-10-13 12:56:00
488,Instagram,Di rain mash up di road dem in Mandeville ğŸŒ§ï¸,2025-10-11 17:32:00
532,X,Di rain mash up di road dem in Kingston ğŸŒ§ï¸,2025-10-12 22:02:00
565,Instagram,Mi cyaan believe how high di rent dem a go in Negril ğŸ’¸,2025-10-10 19:51:00
566,X,Di local festival in Portmore was pure vibes! ğŸ‰,2025-10-14 23:28:00
639,YouTube,Di local festival in Ocho Rios was pure vibes! ğŸ‰,2025-10-13 08:16:00
718,YouTube,Mi see long queue fi di clinic in Negril ğŸ¥,2025-10-11 04:53:00
1028,Instagram,Di local festival in St. Ann was pure vibes! ğŸ‰,2025-10-13 15:50:00
